TRANSACTION_ID,ACCOUNT_ID,AMOUNT,CONTRA_ACCOUNT_ID,CONTRA_ACCOUNT_TYPE,CONTRA_BANK_ID,CONTRA_BANK_NAME,CURRENCY_CODE,DIRECTION,TRANSACTION_TYPE,TRANSACTION_DATE_TIME,SOURCE_SYSTEM
TXN00000001,ACC000050,64388.23,ACC000084,INT,,,CNY,C,CHK,2025-03-31T07:31:30.244149,PER
TXN00000002,ACC000035,883.37,ACC000093,INT,,,EUR,D,JNL,2024-07-26T14:46:53.701973,PER
TXN00000003,ACC000098,99287.68,71724017,EXT,5086,Lee-Valdez Bank,USD,C,CSH,2024-12-21T23:01:27.183348,PER
TXN00000004,ACC000019,97752.5,ACC000091,INT,,,INR,C,TRF,2024-09-24T02:44:03.086020,PER
TXN00000005,ACC000034,85088.34,02784189,EXT,8019,Anderson PLC Bank,INR,C,WTH,2024-10-14T04:22:06.729430,PER
TXN00000006,ACC000063,43518.55,93071444,EXT,9276,"Oliver, Jones and Molina Bank",CAD,C,DEP,2024-05-10T07:41:43.080535,PER
TXN00000007,ACC000077,23026.82,30595707,EXT,3105,Mitchell-Hill Bank,AUD,C,DEP,2024-07-21T23:05:58.431318,PER
TXN00000008,ACC000088,6541.51,ACC000029,INT,,,USD,D,WTH,2024-12-09T00:47:56.722255,PER
TXN00000009,ACC000028,39585.47,09214885,EXT,8401,Carroll Ltd Bank,CNY,C,TRF,2024-04-29T11:19:04.337570,PER
TXN00000010,ACC000070,97252.07,92407070,EXT,0870,Ortega-Holland Bank,USD,D,WTH,2024-07-22T20:52:15.451883,PER
TXN00000011,ACC000082,97717.02,ACC000090,INT,,,JPY,C,WTH,2024-09-27T21:09:13.626403,PER
TXN00000012,ACC000084,11928.65,55938509,EXT,3100,"Roberts, Davis and Hernandez Bank",JPY,D,TRF,2024-07-26T08:41:34.468340,PER
TXN00000013,ACC000059,84778.15,ACC000005,INT,,,CNY,D,JNL,2025-01-30T08:45:25.676437,PER
TXN00000014,ACC000092,55658.0,ACC000021,INT,,,AUD,C,TRF,2024-05-19T19:12:51.201322,PER
TXN00000015,ACC000068,46037.14,21429419,EXT,6488,Stokes Ltd Bank,GBP,C,PMT,2025-01-08T20:40:54.702178,PER
TXN00000016,ACC000063,54931.26,82571243,EXT,1392,Webb PLC Bank,JPY,D,INT,2024-10-10T14:34:04.612311,PER
TXN00000017,ACC000097,24207.29,24352316,EXT,7758,Garrett LLC Bank,GBP,C,CHG,2024-05-20T01:43:26.512389,PER
TXN00000018,ACC000093,11065.61,50770524,EXT,5593,"Shaffer, Tran and Gilbert Bank",EUR,D,CSH,2024-05-17T21:24:45.423960,PER
TXN00000019,ACC000015,39895.78,ACC000011,INT,,,CAD,C,INT,2024-11-22T12:19:24.697604,PER
TXN00000020,ACC000039,59863.29,ACC000004,INT,,,EUR,C,TRF,2024-06-17T15:07:07.170396,PER
TXN00000021,ACC000097,71574.38,ACC000066,INT,,,MXN,D,CHG,2024-05-12T15:47:01.095945,PER
TXN00000022,ACC000077,84849.41,ACC000050,INT,,,JPY,C,JNL,2024-12-17T08:04:49.180996,PER
TXN00000023,ACC000088,25095.68,00695568,EXT,4416,"Ortiz, Bruce and Cooper Bank",MXN,D,TRF,2024-10-27T21:25:36.910846,PER
TXN00000024,ACC000031,53419.79,ACC000091,INT,,,BRL,C,DEP,2025-03-16T03:44:48.494821,PER
TXN00000025,ACC000061,91932.27,ACC000012,INT,,,JPY,D,CHG,2025-04-06T16:13:19.982504,PER
TXN00000026,ACC000009,16188.47,18321229,EXT,4341,Torres-Cohen Bank,INR,C,ATM,2025-03-16T12:39:51.294018,PER
TXN00000027,ACC000069,13989.89,12947378,EXT,4423,Hunt-Lee Bank,USD,D,TRF,2024-10-18T07:30:37.179027,PER
TXN00000028,ACC000016,85976.85,ACC000075,INT,,,AUD,C,INT,2025-01-05T12:07:14.080426,PER
TXN00000029,ACC000001,96407.54,ACC000081,INT,,,JPY,D,CHG,2024-12-19T12:11:39.825683,PER
TXN00000030,ACC000023,4709.39,48936124,EXT,0876,"Li, Hudson and Hendricks Bank",BRL,C,DEP,2024-08-26T07:43:59.924242,PER
TXN00000031,ACC000054,80989.23,68299696,EXT,6677,Webb-Jackson Bank,MXN,D,DEP,2024-10-11T12:41:18.405174,PER
TXN00000032,ACC000099,61864.57,92144037,EXT,2422,"Wang, Davis and Myers Bank",CAD,C,DEP,2024-10-26T00:25:39.999246,PER
TXN00000033,ACC000023,17656.88,ACC000091,INT,,,INR,C,TRF,2024-10-11T05:51:36.022959,PER
TXN00000034,ACC000099,26897.66,33216931,EXT,3112,Brown-Davis Bank,AUD,D,CSH,2024-10-16T00:45:47.065462,PER
TXN00000035,ACC000093,35204.11,ACC000072,INT,,,JPY,C,INT,2024-12-20T18:27:14.030171,PER
TXN00000036,ACC000094,47957.62,ACC000067,INT,,,INR,C,INT,2024-06-16T15:03:34.242453,PER
TXN00000037,ACC000057,38617.59,ACC000032,INT,,,EUR,C,PMT,2025-04-11T01:23:38.131906,PER
TXN00000038,ACC000039,21227.46,ACC000014,INT,,,GBP,C,INT,2024-05-28T01:20:26.893380,PER
TXN00000039,ACC000080,62357.38,ACC000051,INT,,,AUD,C,CSH,2024-09-07T15:20:09.874123,PER
TXN00000040,ACC000038,51657.89,59937942,EXT,3029,Newman-Acevedo Bank,CAD,C,CHG,2024-08-23T11:02:17.976920,PER
TXN00000041,ACC000006,49849.59,66492721,EXT,2172,Fritz-Hopkins Bank,CNY,C,ATM,2024-12-03T03:45:34.023572,PER
TXN00000042,ACC000003,68370.75,ACC000036,INT,,,CNY,D,PMT,2024-06-27T18:12:46.101869,PER
TXN00000043,ACC000073,82926.63,ACC000031,INT,,,GBP,D,CSH,2024-06-29T16:19:59.363083,PER
TXN00000044,ACC000086,5802.34,ACC000050,INT,,,EUR,C,CHK,2024-11-14T14:17:19.849895,PER
TXN00000045,ACC000011,62103.05,ACC000070,INT,,,CNY,C,PMT,2024-07-29T23:59:35.630980,PER
TXN00000046,ACC000020,21778.72,89058529,EXT,1917,Tran Group Bank,BRL,D,WTH,2024-06-20T12:35:21.807066,PER
TXN00000047,ACC000070,11347.62,ACC000030,INT,,,JPY,C,INT,2025-02-16T03:55:03.065042,PER
TXN00000048,ACC000058,29872.34,ACC000031,INT,,,INR,C,CSH,2024-10-02T05:56:49.365395,PER
TXN00000049,ACC000079,86520.38,18475311,EXT,7661,Cooper PLC Bank,CAD,C,JNL,2024-07-26T23:53:57.102959,PER
TXN00000050,ACC000021,79476.77,73869305,EXT,1257,Watkins-Hill Bank,MXN,C,PMT,2024-10-25T03:34:36.546357,PER
TXN00000051,ACC000039,50096.14,92423615,EXT,1864,"Kelly, Butler and Morgan Bank",JPY,C,ATM,2024-05-18T23:55:01.961098,PER
TXN00000052,ACC000054,19272.15,ACC000039,INT,,,INR,C,WTH,2024-08-20T03:46:32.587624,PER
TXN00000053,ACC000063,1452.82,ACC000076,INT,,,AUD,D,INT,2025-04-17T02:58:42.508095,PER
TXN00000054,ACC000016,25769.87,ACC000051,INT,,,BRL,C,CHG,2024-09-14T20:52:32.617954,PER
TXN00000055,ACC000043,86365.52,80563176,EXT,9765,Gomez and Sons Bank,USD,C,DEP,2024-08-02T00:28:39.646425,PER
TXN00000056,ACC000006,93479.92,28570043,EXT,0453,"Rodriguez, Knox and Atkins Bank",CAD,C,ATM,2024-12-21T08:00:19.648013,PER
TXN00000057,ACC000069,25882.48,ACC000082,INT,,,MXN,C,CHG,2024-07-31T17:29:45.856399,PER
TXN00000058,ACC000023,26299.68,46984549,EXT,6475,"Gonzalez, Copeland and Hall Bank",USD,D,CHK,2024-11-10T02:15:24.474343,PER
TXN00000059,ACC000044,56739.53,45379531,EXT,6962,Hernandez and Sons Bank,CAD,C,ATM,2024-05-07T13:31:14.356113,PER
TXN00000060,ACC000026,47323.74,45056584,EXT,8792,Jacobs-Williams Bank,CNY,C,INT,2024-09-15T17:33:32.454701,PER
TXN00000061,ACC000091,34929.29,ACC000077,INT,,,CAD,D,INT,2024-07-17T08:31:56.722306,PER
TXN00000062,ACC000021,74379.71,ACC000085,INT,,,USD,C,WTH,2024-05-25T02:17:49.311707,PER
TXN00000063,ACC000073,10989.22,74144831,EXT,0849,"Walker, Thompson and Martinez Bank",BRL,D,CSH,2024-11-11T04:14:47.361707,PER
TXN00000064,ACC000062,13850.23,ACC000100,INT,,,BRL,D,ATM,2024-05-04T04:01:05.688010,PER
TXN00000065,ACC000056,30377.86,ACC000001,INT,,,GBP,D,CSH,2025-01-13T04:49:43.194517,PER
TXN00000066,ACC000040,20449.9,63582589,EXT,8958,Collins-Ortega Bank,CNY,D,PMT,2024-11-01T05:40:25.124630,PER
TXN00000067,ACC000061,95847.85,ACC000014,INT,,,BRL,D,CSH,2024-08-08T08:04:28.557890,PER
TXN00000068,ACC000082,43841.46,60738875,EXT,5220,Webb-Jordan Bank,GBP,C,DEP,2025-01-04T11:53:19.373160,PER
TXN00000069,ACC000087,70464.82,21827443,EXT,6894,Morgan Group Bank,EUR,C,CHK,2024-11-18T07:18:13.254121,PER
TXN00000070,ACC000052,17361.99,ACC000018,INT,,,CNY,D,WTH,2024-05-30T06:56:14.508851,PER
TXN00000071,ACC000023,89318.92,ACC000059,INT,,,EUR,C,CSH,2024-12-14T17:51:23.190695,PER
TXN00000072,ACC000036,16879.09,ACC000018,INT,,,JPY,C,WTH,2024-05-12T23:05:31.001234,PER
TXN00000073,ACC000095,4130.6,90099366,EXT,4785,"Rodgers, Horne and Rodriguez Bank",INR,D,CHK,2024-12-14T00:25:32.179851,PER
TXN00000074,ACC000044,77157.45,ACC000097,INT,,,JPY,C,ATM,2025-02-12T13:40:36.632692,PER
TXN00000075,ACC000096,68834.17,ACC000093,INT,,,MXN,C,CHG,2025-01-31T22:53:52.210097,PER
TXN00000076,ACC000052,20760.76,ACC000038,INT,,,USD,D,INT,2024-10-25T16:23:24.888502,PER
TXN00000077,ACC000014,95690.24,ACC000013,INT,,,CAD,C,DEP,2024-07-14T16:02:38.653745,PER
TXN00000078,ACC000044,22461.78,ACC000055,INT,,,CAD,D,INT,2024-05-28T20:12:03.991874,PER
TXN00000079,ACC000054,47286.17,71764383,EXT,6073,Morrison-Taylor Bank,BRL,D,TRF,2024-08-12T04:21:31.223874,PER
TXN00000080,ACC000068,81138.68,ACC000097,INT,,,INR,D,WTH,2024-11-27T08:04:59.317228,PER
TXN00000081,ACC000006,2411.19,ACC000087,INT,,,AUD,D,JNL,2025-01-04T08:26:11.836224,PER
TXN00000082,ACC000062,59938.47,06684501,EXT,8219,Estrada Ltd Bank,CAD,C,ATM,2025-04-04T20:52:42.531426,PER
TXN00000083,ACC000029,64508.45,ACC000053,INT,,,CAD,C,CHG,2024-08-08T18:11:21.647977,PER
TXN00000084,ACC000077,49726.09,ACC000007,INT,,,CNY,C,WTH,2024-05-16T04:38:05.369501,PER
TXN00000085,ACC000077,29916.65,ACC000048,INT,,,USD,D,CHK,2025-04-16T05:43:18.073249,PER
TXN00000086,ACC000090,9280.17,39227436,EXT,9322,"Edwards, Smith and Randolph Bank",JPY,D,DEP,2024-09-09T18:06:08.162005,PER
TXN00000087,ACC000026,6176.03,95394096,EXT,8441,Hayden Ltd Bank,MXN,C,ATM,2025-02-26T23:04:44.985767,PER
TXN00000088,ACC000084,7746.62,ACC000066,INT,,,MXN,D,INT,2024-06-15T22:57:15.228139,PER
TXN00000089,ACC000068,80294.58,38720376,EXT,1844,Garrison-Flores Bank,CAD,D,DEP,2024-12-06T22:30:33.764794,PER
TXN00000090,ACC000049,23930.7,90100424,EXT,3329,"Martin, Thompson and Sanchez Bank",EUR,C,PMT,2024-09-10T16:55:54.612027,PER
TXN00000091,ACC000068,3296.6,ACC000077,INT,,,USD,D,WTH,2024-12-20T22:38:09.903662,PER
TXN00000092,ACC000098,25585.94,12438171,EXT,9458,"Jimenez, Shaw and Martinez Bank",GBP,C,CHG,2025-03-14T00:21:05.336954,PER
TXN00000093,ACC000006,17771.09,24056168,EXT,6047,"Hernandez, Keller and Stevenson Bank",GBP,D,CHK,2024-10-02T01:02:37.796961,PER
TXN00000094,ACC000025,97468.28,ACC000024,INT,,,GBP,C,DEP,2024-05-27T04:49:51.528173,PER
TXN00000095,ACC000097,75617.64,75443690,EXT,0768,Davis-Mcpherson Bank,BRL,D,JNL,2024-08-22T06:05:54.512047,PER
TXN00000096,ACC000064,59399.27,56460668,EXT,1994,Caldwell-Fry Bank,GBP,C,CHK,2024-05-14T07:20:40.215639,PER
TXN00000097,ACC000017,32802.98,50332458,EXT,8749,Simon-Ward Bank,CNY,C,WTH,2024-11-24T08:35:44.512048,PER
TXN00000098,ACC000049,39475.81,73736340,EXT,2852,"Adkins, Rogers and Underwood Bank",JPY,D,WTH,2024-05-06T04:24:46.249413,PER
TXN00000099,ACC000033,8623.75,ACC000047,INT,,,CAD,D,TRF,2025-02-13T22:23:00.848804,PER
TXN00000100,ACC000072,28056.99,03477944,EXT,9261,"Williams, Pham and Herman Bank",JPY,D,CSH,2025-01-27T07:44:05.868140,PER
TXN00000101,ACC000057,18701.79,ACC000074,INT,,,INR,D,JNL,2024-10-09T16:55:32.640574,PER
TXN00000102,ACC000072,82524.36,08498139,EXT,6738,"Atkinson, Brown and Cooke Bank",CAD,C,CHG,2024-05-03T17:18:58.897011,PER
TXN00000103,ACC000056,36638.64,ACC000032,INT,,,USD,D,DEP,2025-03-24T13:58:43.672881,PER
TXN00000104,ACC000070,56718.27,ACC000010,INT,,,INR,C,PMT,2024-05-01T00:12:39.486224,PER
TXN00000105,ACC000080,43022.54,72236031,EXT,8166,Dillon LLC Bank,GBP,D,ATM,2024-11-09T12:14:26.201812,PER
TXN00000106,ACC000094,80242.75,ACC000029,INT,,,BRL,C,CHG,2025-04-17T07:57:37.764951,PER
TXN00000107,ACC000042,83163.07,99831039,EXT,8068,"Koch, Hodges and Alvarez Bank",JPY,D,INT,2024-11-06T05:42:01.466716,PER
TXN00000108,ACC000020,59391.62,ACC000016,INT,,,MXN,D,PMT,2024-06-24T09:22:35.407930,PER
TXN00000109,ACC000070,23501.53,ACC000023,INT,,,CAD,D,DEP,2025-04-12T02:39:25.911737,PER
TXN00000110,ACC000002,97065.63,97186431,EXT,7661,"Garner, Thompson and Shepard Bank",CNY,D,CHG,2024-09-02T18:28:13.569447,PER
TXN00000111,ACC000095,86944.85,44765425,EXT,3327,Rogers-Miller Bank,USD,C,INT,2024-12-14T05:48:27.808746,PER
TXN00000112,ACC000082,53766.14,02615933,EXT,5773,Sullivan Group Bank,AUD,D,CSH,2025-02-26T06:51:48.642242,PER
TXN00000113,ACC000048,18714.35,ACC000058,INT,,,INR,D,INT,2025-02-08T21:46:07.210317,PER
TXN00000114,ACC000063,46415.53,ACC000012,INT,,,INR,C,JNL,2025-03-29T20:15:36.267762,PER
TXN00000115,ACC000011,64753.02,24541760,EXT,4153,"Ward, Kaufman and Ho Bank",GBP,C,TRF,2024-11-28T08:12:57.988722,PER
TXN00000116,ACC000079,15252.01,ACC000025,INT,,,EUR,D,JNL,2025-03-30T05:45:44.440419,PER
TXN00000117,ACC000005,93558.05,66725519,EXT,6008,Reed-Martin Bank,AUD,D,ATM,2024-10-18T09:44:54.401836,PER
TXN00000118,ACC000001,77514.79,ACC000019,INT,,,CNY,D,TRF,2024-07-27T18:33:23.418418,PER
TXN00000119,ACC000053,97753.66,ACC000093,INT,,,AUD,D,WTH,2025-02-09T11:56:19.577596,PER
TXN00000120,ACC000016,95137.78,ACC000068,INT,,,CAD,C,INT,2024-12-06T11:30:16.395624,PER
TXN00000121,ACC000060,21775.3,ACC000032,INT,,,GBP,D,ATM,2024-12-29T11:32:46.772991,PER
TXN00000122,ACC000028,97637.25,08325721,EXT,2415,Palmer-Mcintyre Bank,AUD,D,WTH,2024-05-07T22:42:18.994920,PER
TXN00000123,ACC000067,87941.53,24713774,EXT,7613,Mitchell-Young Bank,EUR,D,INT,2025-01-16T21:54:45.592726,PER
TXN00000124,ACC000050,64371.21,ACC000037,INT,,,USD,C,DEP,2024-10-28T19:46:57.722247,PER
TXN00000125,ACC000030,29389.64,81129520,EXT,9697,Paul and Sons Bank,JPY,C,JNL,2024-08-17T13:19:30.481830,PER
TXN00000126,ACC000094,84373.84,ACC000060,INT,,,AUD,D,ATM,2025-03-07T12:47:38.312016,PER
TXN00000127,ACC000047,45176.07,16515535,EXT,1261,Bernard-Hardin Bank,AUD,C,CHG,2024-12-16T02:05:01.487771,PER
TXN00000128,ACC000001,80127.25,ACC000053,INT,,,EUR,C,DEP,2024-08-20T18:07:15.744238,PER
TXN00000129,ACC000087,14898.76,ACC000005,INT,,,JPY,C,WTH,2024-07-26T13:14:04.998067,PER
TXN00000130,ACC000048,4482.17,87276148,EXT,0120,Wu-Lee Bank,CNY,C,INT,2024-12-20T21:56:21.558710,PER
TXN00000131,ACC000055,67590.52,ACC000033,INT,,,GBP,C,CSH,2024-08-29T22:17:30.862688,PER
TXN00000132,ACC000035,46643.37,24350950,EXT,6954,"Stanley, Armstrong and Alvarez Bank",JPY,D,WTH,2025-01-16T12:01:28.154580,PER
TXN00000133,ACC000078,76692.16,ACC000009,INT,,,INR,D,CSH,2025-04-12T10:12:17.768536,PER
TXN00000134,ACC000068,88279.87,ACC000013,INT,,,CAD,D,CHK,2025-02-18T14:35:11.811771,PER
TXN00000135,ACC000039,45544.31,50524822,EXT,2948,"Gonzales, James and Lara Bank",EUR,D,CHG,2024-06-05T04:39:38.054317,PER
TXN00000136,ACC000100,8627.99,ACC000071,INT,,,BRL,C,WTH,2025-01-10T12:10:26.545404,PER
TXN00000137,ACC000084,35049.97,ACC000027,INT,,,USD,D,PMT,2024-07-26T04:53:45.611066,PER
TXN00000138,ACC000041,34358.5,66618974,EXT,4296,Kelly Ltd Bank,GBP,C,CSH,2024-11-04T02:38:44.891076,PER
TXN00000139,ACC000010,21971.36,ACC000092,INT,,,AUD,D,PMT,2025-01-02T18:14:28.900901,PER
TXN00000140,ACC000029,69798.73,ACC000033,INT,,,USD,C,INT,2025-03-05T13:01:53.745612,PER
TXN00000141,ACC000004,83255.94,ACC000051,INT,,,EUR,D,INT,2024-08-09T17:20:36.434812,PER
TXN00000142,ACC000083,71079.55,ACC000057,INT,,,AUD,D,TRF,2024-08-09T01:58:18.246222,PER
TXN00000143,ACC000092,12518.86,ACC000091,INT,,,GBP,D,TRF,2024-11-23T15:19:40.709067,PER
TXN00000144,ACC000048,76406.61,25724684,EXT,6226,Hobbs PLC Bank,JPY,D,TRF,2024-07-18T21:24:04.897126,PER
TXN00000145,ACC000053,95561.62,ACC000087,INT,,,CAD,C,CHK,2024-11-30T04:50:28.896158,PER
TXN00000146,ACC000002,50785.02,ACC000093,INT,,,MXN,C,JNL,2025-03-31T17:06:05.454180,PER
TXN00000147,ACC000098,74370.41,04363645,EXT,5944,White-Perez Bank,INR,C,JNL,2025-03-25T02:51:48.220687,PER
TXN00000148,ACC000051,49801.98,70142996,EXT,8203,Adams Inc Bank,MXN,D,JNL,2025-04-08T03:52:43.478870,PER
TXN00000149,ACC000035,86683.01,90138219,EXT,6769,"Matthews, Smith and White Bank",EUR,C,PMT,2024-05-05T07:26:50.798344,PER
TXN00000150,ACC000001,98277.68,ACC000074,INT,,,JPY,C,ATM,2024-09-12T07:44:01.624874,PER
TXN00000151,ACC000078,26975.06,ACC000094,INT,,,MXN,D,CHK,2025-04-22T07:33:57.997140,PER
TXN00000152,ACC000057,54918.47,ACC000059,INT,,,AUD,D,PMT,2025-01-23T06:57:33.521913,PER
TXN00000153,ACC000093,40467.48,12294259,EXT,9978,Hamilton-Martin Bank,EUR,C,CHK,2024-06-25T08:27:39.212348,PER
TXN00000154,ACC000087,31765.87,ACC000100,INT,,,CNY,C,PMT,2024-09-17T06:21:12.476520,PER
TXN00000155,ACC000029,88277.06,ACC000020,INT,,,EUR,D,TRF,2024-08-04T03:51:11.841778,PER
TXN00000156,ACC000065,26475.78,83774278,EXT,8730,Bullock-Lopez Bank,CNY,C,PMT,2024-10-15T10:50:34.646822,PER
TXN00000157,ACC000099,13380.1,ACC000076,INT,,,CNY,C,JNL,2024-12-26T21:48:06.071050,PER
TXN00000158,ACC000006,60063.9,ACC000064,INT,,,GBP,D,PMT,2024-05-07T16:09:34.028990,PER
TXN00000159,ACC000020,11521.78,32853720,EXT,2602,"Krause, Taylor and Kennedy Bank",AUD,C,CHG,2024-09-26T05:30:27.383878,PER
TXN00000160,ACC000070,50806.25,ACC000082,INT,,,EUR,D,PMT,2024-09-22T22:16:36.302258,PER
TXN00000161,ACC000046,98626.36,26269922,EXT,0138,"Nelson, Oconnell and Farmer Bank",EUR,D,CHG,2025-01-19T07:50:22.405764,PER
TXN00000162,ACC000062,53018.46,00635501,EXT,0069,Ramsey Group Bank,JPY,C,JNL,2025-03-21T13:07:56.215545,PER
TXN00000163,ACC000011,58749.51,65628507,EXT,3836,Weaver Inc Bank,USD,D,PMT,2024-10-01T22:20:11.727273,PER
TXN00000164,ACC000051,18756.48,ACC000082,INT,,,JPY,C,JNL,2024-12-11T10:46:54.800003,PER
TXN00000165,ACC000085,92746.2,ACC000014,INT,,,BRL,C,JNL,2024-11-05T16:32:30.046517,PER
TXN00000166,ACC000070,31982.23,10579426,EXT,5151,Gonzalez PLC Bank,AUD,C,TRF,2025-03-08T05:09:49.858818,PER
TXN00000167,ACC000052,23937.02,ACC000022,INT,,,CNY,D,CHG,2025-04-28T15:00:27.809767,PER
TXN00000168,ACC000050,9095.78,ACC000012,INT,,,GBP,C,WTH,2024-08-03T11:26:36.595276,PER
TXN00000169,ACC000015,67642.4,ACC000030,INT,,,AUD,D,ATM,2024-11-16T10:51:29.826502,PER
TXN00000170,ACC000048,97027.7,ACC000002,INT,,,JPY,C,DEP,2024-10-13T01:04:50.638769,PER
TXN00000171,ACC000020,4747.33,ACC000002,INT,,,JPY,C,INT,2024-10-07T11:24:33.709735,PER
TXN00000172,ACC000030,79018.92,ACC000047,INT,,,MXN,C,TRF,2024-08-04T18:00:18.962878,PER
TXN00000173,ACC000083,91835.09,ACC000043,INT,,,CAD,C,CHK,2025-01-05T09:29:37.652690,PER
TXN00000174,ACC000087,70849.37,66642545,EXT,5192,Thompson LLC Bank,AUD,C,ATM,2024-06-13T00:37:36.536707,PER
TXN00000175,ACC000001,88950.67,ACC000021,INT,,,GBP,C,JNL,2025-04-23T23:55:43.104157,PER
TXN00000176,ACC000031,80649.02,11046389,EXT,6359,Cannon-Sullivan Bank,CAD,D,ATM,2024-06-18T08:33:11.141297,PER
TXN00000177,ACC000084,17531.83,36860433,EXT,0683,Garcia-Sanchez Bank,BRL,C,JNL,2025-04-02T05:30:14.182645,PER
TXN00000178,ACC000040,45311.36,68218166,EXT,4869,Evans-Russell Bank,EUR,D,CHK,2024-12-03T20:08:26.276510,PER
TXN00000179,ACC000062,68472.61,90239107,EXT,9232,Carroll-George Bank,CAD,D,CHG,2025-03-02T13:23:24.446135,PER
TXN00000180,ACC000060,8916.13,ACC000018,INT,,,JPY,D,CSH,2024-05-18T07:24:12.361502,PER
TXN00000181,ACC000088,67781.98,45477092,EXT,9114,Johnson Group Bank,EUR,D,TRF,2025-03-11T09:48:35.511893,PER
TXN00000182,ACC000011,55682.6,01690678,EXT,1833,"Smith, Whitehead and Jones Bank",CAD,D,ATM,2024-11-13T05:51:41.343405,PER
TXN00000183,ACC000040,45699.55,81810821,EXT,3524,"Thomas, Gonzalez and Mora Bank",INR,D,JNL,2025-04-23T12:05:39.314202,PER
TXN00000184,ACC000031,45989.59,47412620,EXT,1142,Johnson-Tran Bank,CNY,D,CHG,2024-10-16T18:35:51.048793,PER
TXN00000185,ACC000005,90626.7,80146970,EXT,8359,Lee Inc Bank,JPY,D,PMT,2024-06-22T03:54:58.247895,PER
TXN00000186,ACC000011,89596.95,15813909,EXT,2062,Hill PLC Bank,MXN,C,CHK,2024-07-24T15:42:57.264968,PER
TXN00000187,ACC000061,45408.83,ACC000031,INT,,,EUR,D,CHG,2025-02-24T02:51:57.627650,PER
TXN00000188,ACC000091,79558.51,49581007,EXT,4182,"Lewis, Hernandez and Morris Bank",GBP,D,DEP,2024-10-08T10:16:12.960658,PER
TXN00000189,ACC000024,38938.82,57172045,EXT,1867,"Levine, Duncan and Williams Bank",CNY,D,CHK,2024-10-28T00:51:35.118599,PER
TXN00000190,ACC000046,58326.33,08699877,EXT,6151,Ayers Ltd Bank,BRL,D,CSH,2025-03-11T09:19:30.303379,PER
TXN00000191,ACC000019,18149.9,ACC000020,INT,,,GBP,C,CHK,2024-04-30T01:21:15.891067,PER
TXN00000192,ACC000081,38132.23,95054880,EXT,9404,"Pham, Mcintosh and Klein Bank",CNY,C,DEP,2025-04-07T02:45:51.298074,PER
TXN00000193,ACC000032,46734.81,78804934,EXT,2080,Cochran-Williams Bank,GBP,C,WTH,2025-01-14T23:49:49.153350,PER
TXN00000194,ACC000065,48506.36,07117929,EXT,0174,Santiago-Copeland Bank,CAD,C,CHG,2025-02-27T11:53:54.792821,PER
TXN00000195,ACC000070,24045.26,ACC000003,INT,,,CNY,D,CSH,2024-08-22T13:52:55.117396,PER
TXN00000196,ACC000089,32744.76,48961364,EXT,0080,"Murphy, Kline and Davis Bank",EUR,D,DEP,2025-01-31T04:22:24.281654,PER
TXN00000197,ACC000025,63097.12,25438760,EXT,5780,Brown-Phillips Bank,USD,D,PMT,2024-12-10T05:48:06.753770,PER
TXN00000198,ACC000048,28404.45,ACC000074,INT,,,AUD,D,TRF,2024-07-23T06:44:11.500882,PER
TXN00000199,ACC000041,85821.93,ACC000046,INT,,,BRL,C,DEP,2024-06-24T05:45:23.375772,PER
TXN00000200,ACC000010,12252.87,ACC000011,INT,,,INR,D,DEP,2024-12-11T14:41:14.158729,PER
TXN00000201,ACC000029,78095.45,43603041,EXT,8350,Montoya-Park Bank,BRL,C,DEP,2024-08-26T00:50:06.095203,PER
TXN00000202,ACC000002,40382.19,ACC000061,INT,,,MXN,C,INT,2024-10-05T10:14:31.506727,PER
TXN00000203,ACC000093,6282.89,13631065,EXT,4793,Williams-Ross Bank,USD,D,DEP,2024-08-03T18:54:44.210493,PER
TXN00000204,ACC000095,27663.01,43571823,EXT,9849,Mccann-Thompson Bank,USD,D,INT,2024-06-01T04:33:24.420865,PER
TXN00000205,ACC000024,22541.14,23187808,EXT,5441,Fitzgerald-Davis Bank,BRL,D,ATM,2025-01-16T11:42:47.793272,PER
TXN00000206,ACC000056,36169.34,71445925,EXT,3630,Williams PLC Bank,CAD,C,WTH,2024-05-11T04:34:19.645917,PER
TXN00000207,ACC000035,90459.26,ACC000067,INT,,,INR,D,WTH,2024-09-02T06:30:02.753775,PER
TXN00000208,ACC000089,18016.44,39433428,EXT,7131,May and Sons Bank,USD,D,WTH,2024-09-07T03:07:49.380332,PER
TXN00000209,ACC000043,41064.35,39952596,EXT,6387,Mccall Group Bank,USD,C,PMT,2024-07-23T21:18:06.846839,PER
TXN00000210,ACC000025,5311.33,43693056,EXT,6710,"Russo, Jones and Price Bank",CNY,C,CHG,2025-03-05T07:58:33.653989,PER
TXN00000211,ACC000093,45398.96,ACC000077,INT,,,AUD,D,PMT,2024-05-21T09:18:02.745436,PER
TXN00000212,ACC000048,22231.85,ACC000058,INT,,,JPY,C,CSH,2025-01-04T00:08:13.708020,PER
TXN00000213,ACC000100,28154.14,22186558,EXT,7798,Walsh-Nash Bank,CNY,C,INT,2024-06-14T01:25:52.923280,PER
TXN00000214,ACC000097,54960.11,ACC000004,INT,,,AUD,C,JNL,2024-08-28T20:35:39.926700,PER
TXN00000215,ACC000017,19810.85,ACC000023,INT,,,INR,D,JNL,2024-05-21T16:55:36.504469,PER
TXN00000216,ACC000079,44194.81,30138808,EXT,0904,"Russell, Good and Harris Bank",INR,C,JNL,2024-05-23T04:18:43.819644,PER
TXN00000217,ACC000035,84912.46,ACC000090,INT,,,MXN,D,JNL,2024-06-05T10:18:20.049444,PER
TXN00000218,ACC000028,28056.29,43341124,EXT,1715,Ray LLC Bank,INR,C,CSH,2025-03-30T02:20:23.970366,PER
TXN00000219,ACC000065,26250.34,75072890,EXT,4521,Zuniga PLC Bank,USD,D,JNL,2024-05-19T19:12:30.657401,PER
TXN00000220,ACC000066,30094.3,75042551,EXT,5940,"Farley, Mosley and Gonzalez Bank",BRL,D,INT,2024-09-28T01:12:10.908002,PER
TXN00000221,ACC000034,44825.92,32702131,EXT,4741,Freeman and Sons Bank,AUD,C,CHK,2024-09-23T10:45:59.336719,PER
TXN00000222,ACC000098,90253.84,94417777,EXT,6134,Johnson-Hayes Bank,BRL,C,DEP,2025-03-29T13:13:39.108476,PER
TXN00000223,ACC000014,263.32,ACC000050,INT,,,MXN,C,PMT,2024-10-12T04:18:00.389293,PER
TXN00000224,ACC000065,30238.55,ACC000095,INT,,,JPY,D,JNL,2024-11-15T02:31:21.339329,PER
TXN00000225,ACC000004,37525.66,14822170,EXT,5859,Gray Ltd Bank,EUR,D,JNL,2024-05-13T15:55:38.113189,PER
TXN00000226,ACC000035,22469.49,ACC000028,INT,,,INR,C,JNL,2024-09-09T05:22:57.787417,PER
TXN00000227,ACC000034,71183.15,ACC000052,INT,,,MXN,D,JNL,2024-05-15T21:31:42.153090,PER
TXN00000228,ACC000021,77636.11,ACC000035,INT,,,GBP,C,TRF,2025-02-12T01:33:02.435985,PER
TXN00000229,ACC000012,2151.94,57244472,EXT,1691,"Thomas, Hopkins and Hicks Bank",EUR,C,PMT,2025-03-10T08:22:37.318114,PER
TXN00000230,ACC000064,86012.31,38570077,EXT,5326,Lawrence-Owens Bank,CNY,C,CHK,2025-03-10T02:37:20.276717,PER
TXN00000231,ACC000056,11686.48,50588092,EXT,9418,Ortiz LLC Bank,AUD,D,CHK,2024-07-29T14:01:52.941617,PER
TXN00000232,ACC000093,76561.9,ACC000065,INT,,,CAD,D,CHK,2024-07-25T01:21:25.756015,PER
TXN00000233,ACC000088,53840.18,25522520,EXT,4415,Keith PLC Bank,JPY,C,CSH,2024-09-14T22:57:29.437985,PER
TXN00000234,ACC000076,69961.15,ACC000061,INT,,,EUR,C,CSH,2024-11-21T13:07:43.793845,PER
TXN00000235,ACC000031,93849.35,ACC000014,INT,,,EUR,D,JNL,2024-12-28T15:36:26.441310,PER
TXN00000236,ACC000049,48789.48,44775676,EXT,9706,Mcclure-Griffin Bank,JPY,D,JNL,2024-12-05T09:25:49.927785,PER
TXN00000237,ACC000082,96360.56,ACC000020,INT,,,MXN,D,TRF,2024-08-07T19:59:35.001649,PER
TXN00000238,ACC000075,51139.64,63592599,EXT,6416,"Swanson, Evans and Dalton Bank",MXN,C,CHK,2025-04-23T01:43:01.441592,PER
TXN00000239,ACC000057,25764.46,59027350,EXT,9434,Hinton-Morales Bank,BRL,D,ATM,2025-04-28T14:26:06.977429,PER
TXN00000240,ACC000021,31550.6,11405934,EXT,7367,Ingram-Kim Bank,JPY,C,ATM,2024-06-23T23:27:25.993719,PER
TXN00000241,ACC000010,31058.12,42979891,EXT,2574,Grimes-Jarvis Bank,MXN,D,INT,2025-03-14T08:13:01.700339,PER
TXN00000242,ACC000007,1126.89,62972752,EXT,3787,Miller-White Bank,BRL,D,PMT,2024-06-24T23:35:41.157102,PER
TXN00000243,ACC000033,15736.64,72221007,EXT,2009,Snow-Russell Bank,AUD,D,ATM,2025-01-15T06:14:58.734197,PER
TXN00000244,ACC000083,95842.3,ACC000084,INT,,,CAD,C,CHK,2024-05-10T22:54:45.008273,PER
TXN00000245,ACC000072,47607.3,66897919,EXT,6568,Barrett and Sons Bank,GBP,C,CSH,2024-08-09T02:31:46.513498,PER
TXN00000246,ACC000005,52384.08,35411045,EXT,3808,Gibson-Mcmillan Bank,CNY,C,TRF,2024-07-14T17:15:09.390002,PER
TXN00000247,ACC000088,47518.27,32506758,EXT,6522,Johnson PLC Bank,BRL,C,TRF,2024-09-02T00:07:13.356602,PER
TXN00000248,ACC000075,29410.77,ACC000025,INT,,,CNY,C,WTH,2025-02-08T03:34:47.265874,PER
TXN00000249,ACC000016,35910.07,25296085,EXT,4795,Johnson Inc Bank,JPY,D,WTH,2024-08-29T15:23:51.965425,PER
TXN00000250,ACC000075,72960.17,94293206,EXT,2183,Stevenson-Walker Bank,BRL,D,DEP,2024-11-09T16:53:29.011192,PER
TXN00000251,ACC000041,10367.92,47949260,EXT,3739,Reyes-Davidson Bank,USD,C,CSH,2024-09-04T10:31:40.249795,PER
TXN00000252,ACC000039,73985.67,70598248,EXT,3598,Hughes-Friedman Bank,USD,D,WTH,2024-07-23T17:42:38.569332,PER
TXN00000253,ACC000051,78260.76,66801689,EXT,7354,Solis LLC Bank,EUR,D,DEP,2025-03-16T21:20:37.239953,PER
TXN00000254,ACC000049,59099.03,70698317,EXT,1620,Brock-Mcgee Bank,GBP,D,DEP,2025-04-26T19:39:25.042065,PER
TXN00000255,ACC000008,53015.61,42073306,EXT,8995,Sparks-White Bank,MXN,C,CHK,2025-03-06T15:01:09.633357,PER
TXN00000256,ACC000001,9279.73,ACC000060,INT,,,CAD,D,JNL,2024-05-19T02:52:39.381726,PER
TXN00000257,ACC000046,42254.54,81275583,EXT,5641,Brown Group Bank,EUR,C,TRF,2024-06-04T23:26:23.938196,PER
TXN00000258,ACC000009,3833.85,35368849,EXT,1747,Ford-Rodriguez Bank,AUD,D,CHK,2024-06-17T09:26:06.972078,PER
TXN00000259,ACC000079,61750.86,ACC000055,INT,,,EUR,C,TRF,2024-11-04T12:30:49.427162,PER
TXN00000260,ACC000090,21424.72,ACC000034,INT,,,CNY,D,CHG,2024-08-07T08:26:47.195392,PER
TXN00000261,ACC000047,68877.31,49526218,EXT,2819,Kim Group Bank,GBP,C,CHG,2024-07-05T06:22:19.240538,PER
TXN00000262,ACC000006,59343.38,52558999,EXT,6987,Livingston Inc Bank,CAD,D,PMT,2024-11-05T17:14:52.576451,PER
TXN00000263,ACC000045,51245.31,46089026,EXT,8731,Lam-Moody Bank,CAD,C,PMT,2025-04-14T02:00:27.800844,PER
TXN00000264,ACC000088,68224.63,20186042,EXT,3838,Mcintyre-Deleon Bank,JPY,D,PMT,2024-09-17T20:22:45.646136,PER
TXN00000265,ACC000098,63920.29,04435629,EXT,4117,"Olson, Smith and Taylor Bank",INR,D,DEP,2024-05-01T01:10:46.179754,PER
TXN00000266,ACC000095,50297.87,ACC000062,INT,,,JPY,D,DEP,2024-10-10T21:16:15.373736,PER
TXN00000267,ACC000090,91853.25,ACC000066,INT,,,CNY,D,WTH,2024-09-27T01:56:02.755013,PER
TXN00000268,ACC000020,19463.74,94862043,EXT,5915,Banks-Hughes Bank,BRL,C,DEP,2024-11-10T17:34:42.931294,PER
TXN00000269,ACC000011,65435.04,ACC000070,INT,,,INR,D,DEP,2024-09-04T22:26:22.485997,PER
TXN00000270,ACC000046,30367.12,ACC000077,INT,,,BRL,C,TRF,2025-01-13T06:40:04.393961,PER
TXN00000271,ACC000094,97847.42,ACC000006,INT,,,AUD,D,CHK,2025-03-15T23:01:17.347004,PER
TXN00000272,ACC000100,16595.56,ACC000082,INT,,,MXN,C,CHG,2024-05-16T00:07:03.011403,PER
TXN00000273,ACC000066,13334.19,21464973,EXT,1791,Rodriguez LLC Bank,MXN,D,JNL,2024-11-20T18:15:01.483513,PER
TXN00000274,ACC000012,88164.78,ACC000090,INT,,,USD,C,CHG,2025-01-17T18:41:37.206571,PER
TXN00000275,ACC000027,77733.77,75986205,EXT,8037,Pearson PLC Bank,BRL,C,TRF,2025-04-10T08:31:09.963995,PER
TXN00000276,ACC000012,36717.15,ACC000075,INT,,,USD,C,WTH,2024-05-29T04:30:40.198080,PER
TXN00000277,ACC000053,77158.14,ACC000007,INT,,,CAD,D,CHG,2025-04-11T04:15:00.298975,PER
TXN00000278,ACC000097,1211.99,31148762,EXT,2340,Quinn Group Bank,EUR,C,CSH,2025-01-12T03:44:44.458036,PER
TXN00000279,ACC000094,20974.38,52105132,EXT,4837,"Brock, Rasmussen and Bailey Bank",JPY,D,CSH,2024-09-18T02:44:07.532262,PER
TXN00000280,ACC000006,73531.97,45201313,EXT,4487,Kennedy PLC Bank,JPY,C,JNL,2025-03-12T05:58:50.707105,PER
TXN00000281,ACC000008,31118.51,12381587,EXT,5823,"Carson, Sanchez and Davis Bank",BRL,C,ATM,2024-05-11T03:00:08.522550,PER
TXN00000282,ACC000008,75038.59,ACC000048,INT,,,MXN,D,INT,2024-06-14T05:30:04.234036,PER
TXN00000283,ACC000030,55509.32,ACC000078,INT,,,GBP,D,WTH,2024-10-22T03:04:28.080310,PER
TXN00000284,ACC000030,20333.95,76499036,EXT,4651,Williams-Watson Bank,CAD,C,TRF,2024-10-06T06:58:05.807297,PER
TXN00000285,ACC000084,79123.86,41687317,EXT,5626,Tran-Warner Bank,JPY,C,CHG,2024-06-13T16:00:12.016618,PER
TXN00000286,ACC000066,23410.24,ACC000024,INT,,,MXN,C,CHG,2024-07-10T01:27:37.996180,PER
TXN00000287,ACC000031,45050.19,ACC000098,INT,,,USD,D,ATM,2025-04-22T04:22:10.450527,PER
TXN00000288,ACC000086,55093.56,ACC000069,INT,,,CNY,D,CHG,2024-10-24T08:38:22.488482,PER
TXN00000289,ACC000096,10784.21,50367194,EXT,4765,"Cook, Jones and Rojas Bank",INR,D,PMT,2024-07-17T18:38:57.805170,PER
TXN00000290,ACC000004,27883.11,71180605,EXT,3504,Miller Group Bank,USD,D,DEP,2024-08-17T15:34:30.807157,PER
TXN00000291,ACC000040,6317.48,98763111,EXT,9077,Baker-Stephenson Bank,JPY,D,TRF,2024-05-20T21:15:33.169989,PER
TXN00000292,ACC000095,53242.19,ACC000020,INT,,,CAD,D,CHK,2025-01-02T17:01:29.453970,PER
TXN00000293,ACC000040,11155.02,32465030,EXT,9958,Gould Ltd Bank,CAD,D,CHG,2025-02-20T17:44:05.276950,PER
TXN00000294,ACC000087,4534.62,ACC000025,INT,,,MXN,D,CHK,2024-12-12T04:20:33.776058,PER
TXN00000295,ACC000073,62170.76,ACC000006,INT,,,JPY,C,DEP,2024-09-16T11:30:30.918399,PER
TXN00000296,ACC000069,3745.19,44183274,EXT,9878,Stevenson and Sons Bank,CNY,C,INT,2025-03-03T10:31:47.213807,PER
TXN00000297,ACC000046,89000.28,ACC000093,INT,,,USD,D,WTH,2025-01-25T15:25:41.104904,PER
TXN00000298,ACC000051,80465.27,ACC000083,INT,,,INR,D,WTH,2025-01-17T23:27:22.810989,PER
TXN00000299,ACC000077,11669.8,46135613,EXT,7056,"Dean, Mckinney and Patterson Bank",BRL,D,TRF,2024-11-11T12:28:28.758617,PER
TXN00000300,ACC000081,71028.66,ACC000073,INT,,,CAD,C,ATM,2024-11-20T05:10:06.487277,PER
TXN00000301,ACC000048,6880.12,ACC000019,INT,,,USD,D,DEP,2025-01-22T12:20:26.044723,PER
TXN00000302,ACC000076,69576.08,ACC000030,INT,,,GBP,C,INT,2025-03-02T07:12:06.773157,PER
TXN00000303,ACC000090,87140.65,ACC000017,INT,,,USD,C,PMT,2025-03-04T19:07:07.715827,PER
TXN00000304,ACC000100,33048.61,ACC000066,INT,,,GBP,D,JNL,2024-12-31T17:44:09.643281,PER
TXN00000305,ACC000068,40539.46,ACC000048,INT,,,USD,D,WTH,2024-10-01T11:26:59.452625,PER
TXN00000306,ACC000080,23760.11,ACC000051,INT,,,INR,D,CHG,2024-12-20T00:00:27.130440,PER
TXN00000307,ACC000019,52507.5,61424278,EXT,6834,Henderson Ltd Bank,EUR,D,TRF,2025-01-14T13:53:01.340485,PER
TXN00000308,ACC000014,76275.22,62332800,EXT,0853,Brown-Hall Bank,JPY,C,CHK,2024-09-06T18:30:50.042982,PER
TXN00000309,ACC000079,62696.92,47331188,EXT,8008,"Brennan, Simpson and Stone Bank",EUR,D,WTH,2024-10-02T02:39:57.338063,PER
TXN00000310,ACC000034,1336.58,81628111,EXT,2586,Joseph Ltd Bank,AUD,C,JNL,2024-10-09T06:30:05.463922,PER
TXN00000311,ACC000098,8028.22,75320707,EXT,9118,"Lynch, Baker and Tapia Bank",INR,D,TRF,2024-11-04T01:18:42.920674,PER
TXN00000312,ACC000099,4077.37,ACC000032,INT,,,BRL,D,INT,2024-08-11T20:27:50.722435,PER
TXN00000313,ACC000088,10411.97,ACC000016,INT,,,CAD,C,ATM,2024-05-25T18:37:40.954919,PER
TXN00000314,ACC000042,45484.92,ACC000071,INT,,,BRL,D,INT,2024-09-27T09:54:54.917960,PER
TXN00000315,ACC000100,96242.04,61528437,EXT,6934,Walker-Baird Bank,BRL,C,JNL,2025-02-23T21:03:45.622368,PER
TXN00000316,ACC000037,53762.12,ACC000045,INT,,,CNY,C,JNL,2025-01-19T10:59:49.070097,PER
TXN00000317,ACC000084,28570.29,03644378,EXT,2765,"Rose, Mcdaniel and Walker Bank",INR,C,CHK,2025-03-08T21:24:07.321634,PER
TXN00000318,ACC000082,94.44,ACC000036,INT,,,MXN,D,JNL,2025-02-07T15:52:51.498144,PER
TXN00000319,ACC000055,10223.2,59741553,EXT,1315,Bullock-Shepard Bank,JPY,D,CHK,2024-05-04T17:42:28.036679,PER
TXN00000320,ACC000056,50390.63,ACC000066,INT,,,GBP,D,PMT,2024-10-24T09:20:40.060485,PER
TXN00000321,ACC000047,50185.83,09741714,EXT,2099,"Martinez, Collins and Snyder Bank",USD,C,CHG,2025-03-17T16:01:56.460959,PER
TXN00000322,ACC000022,95942.48,ACC000006,INT,,,BRL,D,DEP,2025-01-13T16:18:11.848950,PER
TXN00000323,ACC000043,50503.17,ACC000009,INT,,,MXN,C,CSH,2024-08-19T07:28:27.340362,PER
TXN00000324,ACC000079,45710.49,43377272,EXT,8843,Ballard-Brown Bank,JPY,C,WTH,2024-09-26T05:49:23.093299,PER
TXN00000325,ACC000045,76483.37,56802203,EXT,8455,Bernard-Adams Bank,AUD,C,CHK,2025-02-24T00:53:47.484279,PER
TXN00000326,ACC000024,86832.26,45386721,EXT,0347,Hampton-Schwartz Bank,INR,C,DEP,2024-08-05T02:22:32.204075,PER
TXN00000327,ACC000037,36018.59,ACC000083,INT,,,CAD,D,DEP,2024-06-25T09:28:52.243603,PER
TXN00000328,ACC000090,17953.89,05328762,EXT,1062,"Williams, Ryan and Brewer Bank",CNY,C,TRF,2025-03-11T04:38:36.339766,PER
TXN00000329,ACC000078,73064.43,88686642,EXT,5732,Barnes Inc Bank,CAD,D,ATM,2025-04-15T22:41:31.293368,PER
TXN00000330,ACC000025,61511.59,23901772,EXT,9016,"Gonzalez, Miller and Russell Bank",AUD,D,CSH,2024-12-31T06:05:40.451969,PER
TXN00000331,ACC000078,79324.78,12447244,EXT,3502,"Campos, Gomez and Hernandez Bank",MXN,C,TRF,2024-07-06T14:44:04.320340,PER
TXN00000332,ACC000068,52845.75,24019408,EXT,3056,Maddox PLC Bank,USD,D,CSH,2024-10-10T07:28:26.806763,PER
TXN00000333,ACC000010,43446.88,ACC000061,INT,,,INR,D,INT,2024-11-25T20:50:27.876615,PER
TXN00000334,ACC000032,67264.71,ACC000023,INT,,,USD,C,INT,2024-05-02T18:34:52.574415,PER
TXN00000335,ACC000071,72812.69,ACC000046,INT,,,GBP,C,TRF,2025-03-31T07:51:18.556400,PER
TXN00000336,ACC000037,25194.77,64728512,EXT,5607,"Henry, Murray and Garcia Bank",EUR,C,PMT,2024-10-24T10:59:45.460495,PER
TXN00000337,ACC000047,10113.13,66681977,EXT,6304,"Mccoy, Newman and Humphrey Bank",JPY,D,TRF,2025-02-06T19:51:27.425436,PER
TXN00000338,ACC000049,57900.29,14023366,EXT,4088,"Chavez, Johnson and Gallegos Bank",JPY,C,DEP,2025-01-12T08:19:30.939812,PER
TXN00000339,ACC000066,22451.42,40180263,EXT,6790,Soto-Martinez Bank,CNY,D,INT,2025-01-25T02:27:58.793806,PER
TXN00000340,ACC000008,88137.58,94501447,EXT,9956,Romero PLC Bank,GBP,C,WTH,2025-01-08T15:17:14.519855,PER
TXN00000341,ACC000047,55975.82,ACC000009,INT,,,JPY,D,INT,2024-09-29T00:51:17.771644,PER
TXN00000342,ACC000027,58551.95,48080995,EXT,1798,Crawford Ltd Bank,USD,C,DEP,2024-05-03T12:14:20.991075,PER
TXN00000343,ACC000012,64448.8,ACC000024,INT,,,USD,D,JNL,2024-12-18T09:41:18.312067,PER
TXN00000344,ACC000019,27565.14,ACC000094,INT,,,CNY,D,WTH,2024-05-31T06:03:32.688384,PER
TXN00000345,ACC000033,71345.05,74456655,EXT,2627,"Alexander, Smith and Romero Bank",CAD,C,CHG,2024-06-15T22:13:09.701375,PER
TXN00000346,ACC000065,19611.67,ACC000012,INT,,,AUD,D,CHG,2025-01-26T22:52:56.649269,PER
TXN00000347,ACC000099,82462.61,10210499,EXT,6953,Reynolds-Brown Bank,CAD,C,JNL,2024-05-21T15:18:21.304354,PER
TXN00000348,ACC000015,86457.53,ACC000021,INT,,,MXN,D,WTH,2024-05-19T02:40:00.009952,PER
TXN00000349,ACC000080,82103.39,ACC000031,INT,,,BRL,C,DEP,2024-08-22T18:38:07.393731,PER
TXN00000350,ACC000060,93956.13,00661259,EXT,8656,Bradley-Armstrong Bank,EUR,C,CHK,2024-09-20T09:16:41.678622,PER
TXN00000351,ACC000093,35617.21,ACC000014,INT,,,USD,C,DEP,2025-02-27T01:30:22.410092,PER
TXN00000352,ACC000079,86022.38,15526156,EXT,7270,Maddox-Baker Bank,AUD,D,WTH,2024-11-18T20:46:36.278842,PER
TXN00000353,ACC000031,92945.87,48145485,EXT,5066,Middleton LLC Bank,CNY,D,PMT,2025-01-05T03:44:56.238695,PER
TXN00000354,ACC000044,18165.5,ACC000010,INT,,,MXN,D,WTH,2024-06-22T18:53:34.708259,PER
TXN00000355,ACC000071,93465.66,86237033,EXT,4343,Reynolds Inc Bank,GBP,C,CSH,2024-11-11T15:48:15.037364,PER
TXN00000356,ACC000011,24850.37,ACC000054,INT,,,MXN,C,TRF,2024-11-14T16:14:02.405958,PER
TXN00000357,ACC000038,31712.4,00040921,EXT,9376,"Anderson, Marquez and Taylor Bank",BRL,D,DEP,2024-12-06T16:36:27.669127,PER
TXN00000358,ACC000024,78926.28,ACC000033,INT,,,AUD,D,ATM,2025-03-07T23:15:23.015173,PER
TXN00000359,ACC000071,17955.04,38647927,EXT,7186,Williams-Williams Bank,GBP,C,ATM,2024-06-18T13:03:28.407785,PER
TXN00000360,ACC000064,34985.54,ACC000052,INT,,,INR,D,WTH,2024-08-15T02:45:06.618313,PER
TXN00000361,ACC000081,40360.18,ACC000053,INT,,,MXN,D,WTH,2024-08-30T13:03:08.677804,PER
TXN00000362,ACC000002,8885.25,96151654,EXT,5616,Chambers-Wyatt Bank,EUR,D,INT,2024-12-01T16:01:49.534205,PER
TXN00000363,ACC000057,76739.87,82724826,EXT,8632,Santana Group Bank,USD,C,INT,2024-06-15T20:22:36.093953,PER
TXN00000364,ACC000047,6020.53,ACC000042,INT,,,JPY,C,JNL,2024-06-15T17:10:19.290956,PER
TXN00000365,ACC000019,24579.44,ACC000092,INT,,,CAD,C,DEP,2024-06-02T00:38:13.944838,PER
TXN00000366,ACC000054,63302.15,72040559,EXT,1244,"Booker, Ward and Cordova Bank",CAD,D,WTH,2024-09-23T18:07:42.763301,PER
TXN00000367,ACC000093,45998.8,ACC000056,INT,,,CNY,C,CHK,2024-07-12T09:42:13.147052,PER
TXN00000368,ACC000059,42769.27,ACC000082,INT,,,CNY,C,JNL,2025-01-22T07:56:51.336191,PER
TXN00000369,ACC000011,85711.72,62451680,EXT,6794,"White, Scott and Miller Bank",GBP,D,WTH,2024-08-06T08:18:55.187376,PER
TXN00000370,ACC000058,73648.71,50053087,EXT,3114,Weber-Vargas Bank,CAD,C,DEP,2024-10-26T21:13:01.902741,PER
TXN00000371,ACC000077,60749.95,83847983,EXT,5971,Cole Inc Bank,GBP,C,CHK,2025-02-04T03:06:44.517761,PER
TXN00000372,ACC000018,3620.54,05955003,EXT,3850,Cooper-Johnson Bank,INR,C,JNL,2024-08-09T18:57:55.126110,PER
TXN00000373,ACC000004,90364.82,61432204,EXT,1877,Stone-Collins Bank,JPY,C,TRF,2024-05-31T17:16:14.921024,PER
TXN00000374,ACC000013,59140.14,66466123,EXT,5175,Wong-Kennedy Bank,CAD,D,ATM,2025-04-02T03:37:53.930316,PER
TXN00000375,ACC000079,5478.83,ACC000054,INT,,,BRL,C,WTH,2024-11-12T21:21:48.767099,PER
TXN00000376,ACC000041,48786.8,ACC000051,INT,,,EUR,D,ATM,2024-10-28T18:36:46.366845,PER
TXN00000377,ACC000070,33835.44,ACC000056,INT,,,INR,D,WTH,2024-12-08T01:29:17.902634,PER
TXN00000378,ACC000031,97911.98,ACC000056,INT,,,EUR,C,PMT,2024-06-03T15:02:20.462267,PER
TXN00000379,ACC000047,76445.23,23576119,EXT,7115,"Barker, Sandoval and Sanchez Bank",USD,D,TRF,2024-12-05T13:53:45.132590,PER
TXN00000380,ACC000020,8480.49,99871111,EXT,0381,Shaw-Ramirez Bank,AUD,C,INT,2024-12-08T04:56:29.862476,PER
TXN00000381,ACC000010,12328.16,ACC000001,INT,,,GBP,C,CHG,2024-11-15T20:54:06.714995,PER
TXN00000382,ACC000099,82327.66,60571062,EXT,7846,Wilson-Caldwell Bank,USD,D,PMT,2025-04-23T13:22:59.934082,PER
TXN00000383,ACC000079,97343.34,ACC000073,INT,,,JPY,C,ATM,2025-04-21T07:31:34.223460,PER
TXN00000384,ACC000050,8834.53,39665406,EXT,2592,"Wyatt, Short and Johnson Bank",INR,D,WTH,2025-03-12T18:20:25.158071,PER
TXN00000385,ACC000030,8334.29,ACC000058,INT,,,INR,D,PMT,2025-04-01T04:20:11.056190,PER
TXN00000386,ACC000001,32116.3,85042697,EXT,1897,Chandler-White Bank,USD,C,DEP,2024-07-22T22:29:03.033127,PER
TXN00000387,ACC000033,8917.68,02447249,EXT,1185,"Steele, Arnold and Cooper Bank",CAD,C,CHG,2024-06-26T12:59:37.854264,PER
TXN00000388,ACC000062,2444.95,ACC000081,INT,,,JPY,D,WTH,2025-01-23T18:45:40.995057,PER
TXN00000389,ACC000019,94674.62,ACC000079,INT,,,USD,C,CHK,2025-01-26T00:05:40.997957,PER
TXN00000390,ACC000009,31954.87,ACC000088,INT,,,EUR,C,WTH,2024-07-14T01:23:17.587858,PER
TXN00000391,ACC000074,37716.22,ACC000033,INT,,,CNY,D,WTH,2024-09-22T17:14:57.984532,PER
TXN00000392,ACC000017,71349.14,ACC000029,INT,,,EUR,C,CSH,2024-06-04T12:28:37.836616,PER
TXN00000393,ACC000090,26817.29,47006086,EXT,1416,"Flores, Contreras and Curtis Bank",EUR,C,CHK,2024-12-30T16:15:47.549386,PER
TXN00000394,ACC000041,73435.44,ACC000038,INT,,,CNY,D,WTH,2024-08-22T11:56:30.563832,PER
TXN00000395,ACC000079,83553.97,98799201,EXT,5074,"Wolf, White and Gould Bank",AUD,D,CHK,2024-11-13T13:24:53.825706,PER
TXN00000396,ACC000043,22598.81,ACC000008,INT,,,BRL,C,CHG,2025-01-06T19:21:59.371355,PER
TXN00000397,ACC000065,52356.68,ACC000092,INT,,,USD,D,DEP,2024-08-15T07:14:00.676807,PER
TXN00000398,ACC000095,99243.57,ACC000029,INT,,,BRL,C,TRF,2024-07-30T04:53:24.170215,PER
TXN00000399,ACC000074,3165.51,ACC000012,INT,,,BRL,C,CSH,2025-02-05T19:57:17.621766,PER
TXN00000400,ACC000062,7191.59,ACC000013,INT,,,INR,C,ATM,2025-03-23T01:21:04.696859,PER
TXN00000401,ACC000013,98566.95,70943221,EXT,9836,Thomas-Palmer Bank,EUR,D,PMT,2024-12-06T05:25:15.624516,PER
TXN00000402,ACC000018,80226.85,24564082,EXT,8387,Pierce PLC Bank,INR,C,DEP,2024-06-23T08:41:58.832318,PER
TXN00000403,ACC000066,99066.73,ACC000051,INT,,,CAD,C,WTH,2024-11-22T03:20:40.474443,PER
TXN00000404,ACC000028,58456.55,ACC000038,INT,,,EUR,D,CHG,2025-04-04T05:21:46.252057,PER
TXN00000405,ACC000039,7832.02,ACC000045,INT,,,AUD,D,INT,2024-08-08T08:10:21.156503,PER
TXN00000406,ACC000052,23699.9,ACC000046,INT,,,EUR,C,ATM,2024-06-24T02:02:45.109132,PER
TXN00000407,ACC000063,79019.91,ACC000057,INT,,,AUD,D,INT,2024-12-09T09:45:00.074029,PER
TXN00000408,ACC000056,76150.09,ACC000088,INT,,,INR,D,CSH,2025-01-07T18:35:58.061341,PER
TXN00000409,ACC000081,92652.91,97675988,EXT,5909,Henry Ltd Bank,BRL,D,WTH,2024-07-26T18:15:38.246395,PER
TXN00000410,ACC000041,5237.81,53453866,EXT,2919,Brown-Welch Bank,USD,C,WTH,2024-06-12T03:24:12.990226,PER
TXN00000411,ACC000066,32345.92,74046235,EXT,1249,Hamilton Ltd Bank,CAD,C,CHK,2024-06-16T23:04:08.184388,PER
TXN00000412,ACC000044,58484.84,ACC000098,INT,,,CAD,D,TRF,2025-02-06T05:54:26.157227,PER
TXN00000413,ACC000043,19407.5,82338249,EXT,3210,Chapman PLC Bank,CAD,C,ATM,2025-02-03T05:13:56.929736,PER
TXN00000414,ACC000049,60746.19,11477393,EXT,0327,"Farmer, Elliott and Shepherd Bank",USD,D,ATM,2024-08-20T15:22:54.713564,PER
TXN00000415,ACC000041,95321.42,52561820,EXT,9009,Leon Ltd Bank,EUR,C,WTH,2025-03-26T20:50:00.988211,PER
TXN00000416,ACC000093,48508.54,45838897,EXT,6270,Hampton and Sons Bank,GBP,C,CHG,2024-07-20T04:49:15.710126,PER
TXN00000417,ACC000037,46014.11,06263302,EXT,0061,"Bowen, Sexton and Travis Bank",GBP,D,CHK,2024-12-08T13:43:30.063180,PER
TXN00000418,ACC000057,30580.77,ACC000063,INT,,,INR,D,CSH,2024-12-17T23:56:54.258342,PER
TXN00000419,ACC000091,38014.92,ACC000022,INT,,,USD,C,INT,2025-04-14T15:41:22.487158,PER
TXN00000420,ACC000045,43305.71,19450610,EXT,9384,Taylor-Daniel Bank,JPY,D,PMT,2024-05-17T14:18:05.742115,PER
TXN00000421,ACC000019,28460.82,52907931,EXT,4379,Murphy-Silva Bank,JPY,D,INT,2024-04-29T06:19:11.606853,PER
TXN00000422,ACC000076,88668.56,12091192,EXT,6861,Smith-Phillips Bank,GBP,C,DEP,2025-01-16T06:58:22.901084,PER
TXN00000423,ACC000014,63595.82,76842721,EXT,7527,Chen Inc Bank,CNY,D,PMT,2024-11-27T06:41:59.931912,PER
TXN00000424,ACC000015,55272.37,ACC000079,INT,,,CAD,C,PMT,2024-08-10T22:23:56.852791,PER
TXN00000425,ACC000040,31821.91,ACC000071,INT,,,MXN,D,ATM,2024-11-03T05:09:55.074477,PER
TXN00000426,ACC000099,71228.6,42435888,EXT,4920,Martinez Ltd Bank,GBP,C,TRF,2024-05-30T14:23:43.896072,PER
TXN00000427,ACC000034,55163.43,83899167,EXT,4943,Wilson-Henry Bank,JPY,C,WTH,2024-06-19T05:11:33.154681,PER
TXN00000428,ACC000061,41355.52,ACC000061,INT,,,CAD,D,WTH,2025-01-13T20:35:02.468261,PER
TXN00000429,ACC000013,43811.2,99483858,EXT,5448,Martin Ltd Bank,EUR,C,CHG,2024-06-05T10:55:54.839914,PER
TXN00000430,ACC000056,32834.26,ACC000023,INT,,,INR,D,WTH,2025-01-01T08:30:19.057968,PER
TXN00000431,ACC000008,34187.26,29514750,EXT,4100,Hall Inc Bank,INR,D,DEP,2025-04-04T05:22:12.456211,PER
TXN00000432,ACC000019,43717.86,ACC000001,INT,,,USD,C,JNL,2025-01-24T04:41:56.573976,PER
TXN00000433,ACC000063,50390.67,ACC000056,INT,,,USD,D,CHG,2024-11-23T21:09:44.202662,PER
TXN00000434,ACC000073,23322.98,68367228,EXT,9053,"Thompson, Horne and Leonard Bank",BRL,C,TRF,2025-03-26T11:57:27.560000,PER
TXN00000435,ACC000086,43070.72,ACC000020,INT,,,MXN,C,ATM,2025-03-06T08:32:12.068890,PER
TXN00000436,ACC000071,34223.23,95750651,EXT,5559,Walker and Sons Bank,MXN,D,TRF,2024-05-11T03:07:39.313122,PER
TXN00000437,ACC000014,80657.53,94350184,EXT,8903,Mitchell and Sons Bank,GBP,D,ATM,2024-12-10T19:44:59.193230,PER
TXN00000438,ACC000062,91175.8,37785947,EXT,9098,Ho-Murray Bank,CAD,D,CHG,2025-03-19T01:26:53.232832,PER
TXN00000439,ACC000078,44052.85,ACC000008,INT,,,INR,C,WTH,2024-10-01T05:08:32.488527,PER
TXN00000440,ACC000093,46277.07,74549863,EXT,6666,Morris Inc Bank,CNY,C,INT,2025-02-21T16:31:45.751901,PER
TXN00000441,ACC000062,50844.31,52838549,EXT,8677,"Brady, Lewis and Guerra Bank",JPY,C,CHK,2025-04-02T04:16:56.869043,PER
TXN00000442,ACC000083,15139.77,ACC000066,INT,,,BRL,D,INT,2025-02-04T21:05:59.093961,PER
TXN00000443,ACC000053,68349.62,70724097,EXT,8659,Silva-Roberts Bank,GBP,C,ATM,2024-11-25T14:28:33.531943,PER
TXN00000444,ACC000017,35605.79,41241487,EXT,5859,Reilly Group Bank,JPY,C,CHG,2024-11-11T19:44:36.961531,PER
TXN00000445,ACC000008,58069.37,ACC000070,INT,,,CNY,C,ATM,2025-04-27T03:16:12.450592,PER
TXN00000446,ACC000036,96337.92,ACC000012,INT,,,CNY,D,CHK,2025-04-09T19:00:34.151035,PER
TXN00000447,ACC000017,71626.3,ACC000018,INT,,,MXN,C,WTH,2025-01-21T17:56:38.966655,PER
TXN00000448,ACC000028,14034.47,ACC000002,INT,,,EUR,C,WTH,2024-06-10T02:56:31.581768,PER
TXN00000449,ACC000068,37907.36,62934349,EXT,4423,Garcia-Cooper Bank,INR,D,PMT,2025-04-16T06:22:02.802506,PER
TXN00000450,ACC000013,32749.93,ACC000043,INT,,,CAD,C,CSH,2024-12-16T01:50:55.022145,PER
TXN00000451,ACC000016,97999.5,98109829,EXT,9589,Walker-Ross Bank,EUR,C,CSH,2024-08-06T00:40:16.020858,PER
TXN00000452,ACC000007,3874.11,ACC000071,INT,,,CAD,C,PMT,2025-04-19T08:16:59.973999,PER
TXN00000453,ACC000012,25866.48,74539886,EXT,6742,Jordan-Allen Bank,CAD,C,CHK,2025-01-16T16:00:34.130526,PER
TXN00000454,ACC000007,79138.54,ACC000041,INT,,,CNY,C,CSH,2024-10-25T01:51:32.312416,PER
TXN00000455,ACC000045,78582.41,ACC000013,INT,,,EUR,D,ATM,2025-02-02T07:46:12.650536,PER
TXN00000456,ACC000011,91595.67,ACC000042,INT,,,USD,C,PMT,2024-11-21T20:47:37.034518,PER
TXN00000457,ACC000008,44874.32,ACC000057,INT,,,USD,D,INT,2024-12-30T08:15:05.724631,PER
TXN00000458,ACC000063,11709.91,ACC000091,INT,,,JPY,C,JNL,2024-08-17T12:13:01.882947,PER
TXN00000459,ACC000081,12648.89,51248956,EXT,6558,Wang-Wolf Bank,CNY,D,INT,2024-06-20T05:30:09.156445,PER
TXN00000460,ACC000050,87782.32,ACC000001,INT,,,USD,D,WTH,2024-09-02T10:16:04.894858,PER
TXN00000461,ACC000059,76047.73,ACC000057,INT,,,JPY,D,CHG,2025-03-16T19:55:56.930634,PER
TXN00000462,ACC000046,24673.62,89450793,EXT,7388,Williams LLC Bank,MXN,D,DEP,2024-11-26T06:43:26.259975,PER
TXN00000463,ACC000044,86967.8,65529845,EXT,5237,Murphy LLC Bank,CAD,C,CSH,2024-11-24T06:42:38.342421,PER
TXN00000464,ACC000044,14644.76,67189478,EXT,9818,"Ortega, Wright and Davis Bank",CAD,D,CHG,2024-11-10T16:04:00.447675,PER
TXN00000465,ACC000049,90167.76,ACC000057,INT,,,GBP,D,CHG,2025-01-03T19:56:03.522563,PER
TXN00000466,ACC000073,78101.44,42173194,EXT,8809,Sanders Group Bank,USD,C,DEP,2025-02-03T18:31:18.190838,PER
TXN00000467,ACC000038,76330.18,80455024,EXT,5627,"Thomas, Parsons and Brown Bank",EUR,C,TRF,2024-07-24T20:56:16.742980,PER
TXN00000468,ACC000022,25973.71,19626055,EXT,3106,"Rowe, Herman and Mcfarland Bank",CNY,C,CHG,2024-05-26T17:36:59.269926,PER
TXN00000469,ACC000068,11512.46,03708716,EXT,2188,"Burns, Montoya and Bowers Bank",GBP,C,CHK,2024-12-29T11:00:17.351075,PER
TXN00000470,ACC000030,71476.23,91945439,EXT,4516,"Nelson, Brown and Soto Bank",INR,C,JNL,2024-06-18T15:46:47.660571,PER
TXN00000471,ACC000016,26702.66,24037713,EXT,3435,"Martinez, Shields and Walker Bank",JPY,C,CSH,2024-07-27T23:53:03.826370,PER
TXN00000472,ACC000077,81109.5,57836151,EXT,1720,Wright and Sons Bank,JPY,C,JNL,2024-10-06T02:31:44.062788,PER
TXN00000473,ACC000072,61319.54,88428779,EXT,9138,Boyle and Sons Bank,BRL,D,TRF,2024-10-16T06:09:46.841144,PER
TXN00000474,ACC000036,6255.27,74489486,EXT,5011,"Morris, Wood and Harris Bank",MXN,C,PMT,2024-06-03T22:02:45.469088,PER
TXN00000475,ACC000032,899.38,43309662,EXT,9077,Davies-Schroeder Bank,INR,C,TRF,2024-06-02T16:22:28.346033,PER
TXN00000476,ACC000040,18270.97,90927474,EXT,9808,"Chan, Watson and Gilmore Bank",EUR,C,DEP,2024-11-30T05:19:02.335657,PER
TXN00000477,ACC000046,6491.72,ACC000028,INT,,,CAD,D,DEP,2024-06-21T22:30:14.083610,PER
TXN00000478,ACC000090,89866.46,ACC000036,INT,,,MXN,D,PMT,2024-06-14T13:30:15.731224,PER
TXN00000479,ACC000004,95941.45,ACC000025,INT,,,USD,D,INT,2024-09-15T22:35:31.157840,PER
TXN00000480,ACC000060,32260.4,07188675,EXT,3350,"Kennedy, Woods and Burton Bank",EUR,C,CSH,2025-03-26T08:22:46.447253,PER
TXN00000481,ACC000085,65797.99,81602565,EXT,8256,Bonilla LLC Bank,MXN,C,TRF,2025-03-15T16:35:46.264219,PER
TXN00000482,ACC000035,51269.07,ACC000052,INT,,,JPY,C,CHG,2024-10-12T05:12:59.960872,PER
TXN00000483,ACC000095,76956.76,64216078,EXT,0443,"Walsh, Valentine and Love Bank",INR,D,PMT,2024-11-30T16:20:52.893111,PER
TXN00000484,ACC000013,15167.29,ACC000033,INT,,,INR,D,INT,2024-10-06T04:27:23.889590,PER
TXN00000485,ACC000047,65518.2,14025087,EXT,4804,Rangel-Robbins Bank,CAD,D,JNL,2024-09-21T11:31:40.138840,PER
TXN00000486,ACC000056,34384.21,ACC000084,INT,,,USD,C,PMT,2024-09-10T03:40:23.006101,PER
TXN00000487,ACC000079,2349.67,36431046,EXT,0235,Nguyen-Conley Bank,INR,C,DEP,2024-05-03T10:16:15.958931,PER
TXN00000488,ACC000003,13541.87,ACC000069,INT,,,GBP,D,CHG,2024-11-28T19:51:50.515070,PER
TXN00000489,ACC000042,47001.38,ACC000012,INT,,,CAD,C,CSH,2025-02-24T07:38:16.469788,PER
TXN00000490,ACC000073,93508.81,92602565,EXT,8147,Wells-Horne Bank,CNY,C,CHG,2024-07-12T07:07:56.317628,PER
TXN00000491,ACC000071,34963.05,92917104,EXT,1911,Lam-Ramirez Bank,MXN,D,TRF,2024-05-24T12:06:15.151668,PER
TXN00000492,ACC000049,34661.87,89525646,EXT,8152,Rodriguez-Carlson Bank,EUR,D,CHK,2024-07-24T18:25:31.022983,PER
TXN00000493,ACC000075,24664.02,18406710,EXT,8525,Johns LLC Bank,CAD,D,DEP,2024-08-02T04:54:32.440470,PER
TXN00000494,ACC000080,47893.61,10186528,EXT,4908,Small-Hill Bank,CAD,D,ATM,2024-08-26T13:09:57.350193,PER
TXN00000495,ACC000087,37471.39,87520656,EXT,3133,Day-Branch Bank,BRL,D,JNL,2024-11-12T11:14:36.609716,PER
TXN00000496,ACC000031,26123.35,ACC000061,INT,,,CNY,D,PMT,2024-11-09T05:46:46.483917,PER
TXN00000497,ACC000067,4826.73,94169603,EXT,2180,"Huffman, Oliver and Holmes Bank",EUR,C,JNL,2024-06-09T19:52:22.182500,PER
TXN00000498,ACC000003,91994.78,ACC000049,INT,,,JPY,D,DEP,2024-10-29T01:07:59.849451,PER
TXN00000499,ACC000049,42337.76,43503335,EXT,0856,Knight PLC Bank,CNY,C,ATM,2024-04-29T15:01:59.444633,PER
TXN00000500,ACC000094,14661.19,ACC000008,INT,,,GBP,D,CHK,2024-06-15T10:46:55.937819,PER
